Titel,Link,Snippet
George Orwell - Wikipedia,https://en.wikipedia.org/wiki/George_Orwell,"Orwell is best known for his allegorical novella Animal Farm (1945) and the dystopian novel Nineteen Eighty-Four (1949), although his works also encompass ..."
"George Orwell | Biography, Books, Real Name, Political Views ...",https://www.britannica.com/biography/George-Orwell,"3 days ago ... English novelist, essayist, and critic famous for his novels Animal Farm (1945) and Nineteen Eighty-four (1949)."
George Orwell (Author of 1984),https://www.goodreads.com/author/show/3706.George_Orwell,"Orwell is best known for his allegorical novella Animal Farm (1945) and the dystopian novel Nineteen Eighty-Four (1949), although his works also encompass ..."
Why I Write | The Orwell Foundation,https://www.orwellfoundation.com/the-orwell-foundation/orwell/essays-and-other-works/why-i-write/,"About George Orwell · About us · Partners and Sponsors · Accessibility · Vacancies ... This material remains under copyright in some jurisdictions, including the ..."
History - Historic Figures: George Orwell (1903 - 1950) - BBC,https://www.bbc.co.uk/history/historic_figures/orwell_george.shtml,"Orwell was a British journalist and author, who wrote two of the most famous novels of the 20th century 'Animal Farm' and 'Nineteen Eighty-Four'."
Why I Write - George Orwell,https://orwell.ru/library/essays/wiw/english/e_wiw,"My starting point is always a feeling of partisanship, a sense of injustice. When I sit down to write a book, I do not say to myself, 'I am going to produce a ..."
Book Review: 1984 by George Orwell – Iowa State Daily,https://iowastatedaily.com/299529/opinion/book-review-1984-by-george-orwell/,"Sep 25, 2024 ... “1984,” undoubtedly a great novel, makes it necessary reading. The aspect I found most chilling about the book was the complete and utter destruction of the ..."
"George Orwell - 1984, Books & Quotes",https://www.biography.com/authors-writers/george-orwell,"Apr 2, 2014 ... George Orwell was an English novelist, essayist and critic most famous for his novels 'Animal Farm' (1945) and 'Nineteen Eighty-Four' ..."
My hero: George Orwell by Margaret Atwood | George Orwell | The ...,https://www.theguardian.com/books/2013/jan/18/my-hero-george-orwell-atwood,"Jan 18, 2013 ... To say that I was horrified by this book would be an understatement. The fate of the farm animals was so grim, the pigs were so mean and ..."
George Orwell Award - National Council of Teachers of English,https://ncte.org/awards/george-orwell-award/,"George Orwell Award. Apply here. 2024 Recipient: Making Americans: Stories of Historic Struggles, New Ideas, and Inspiration in Immigrant Education by ..."
